epoch,steps,cosine_pearson,cosine_spearman
1.0,425,0.9349309853173767,0.9176941471361098
2.0,850,0.9316433430132306,0.9180864272524427
3.0,1275,0.9426019772697362,0.9232640795021512
4.0,1700,0.9459617705192965,0.925793716302145
